titulo,cluster,PCA1,PCA2
Barra elimina o Internacional na primeira fase da Copa do Brasil Sub-20,7,-0.04481775849932553,-0.18738906657355064
"Diniz elogia Corinthians, mas pede atenção com o Estudiantes na volta: ""Sabe jogar fora de casa""",2,0.5537986291896178,0.3284775131274999
"Nem Fábio, nem Rafael: veja último goleiro do Cruzeiro convocado para Seleção antes de Otávio",6,-0.046606683939531886,-0.13069449245569636
Nicolas passa por cirurgia e deve ficar no mínimo três meses afastado do São Paulo,5,-0.062160044334761945,-0.10633235341268638
Criciúma bate o Cascavel e garante classificação na Copa do Brasil Sub-20,7,-0.04615483801869057,-0.17275818550026303
Bayern de Munique x Bodo/Glimt na Champions League: onde assistir ao vivo e horário,3,-0.024681370839501088,0.0012251677138696493
"Em bate-boca com Neymar, torcedor do Atlético-MG avisa: ""Vai ter jogo de volta""; veja discussão",2,0.05379195779222531,-0.00019621924563855062
São Paulo x Santo Antônio-MS na Copa do Brasil Sub-20: onde assistir ao vivo e horário,7,-0.02982974321344797,-0.13015354421269482
Cano tem suspeita de lesão e vira dúvida no Fluminense,9,0.07915715093857423,0.01458552080986416
"Haaland se rende a jovem de 18 anos de R$ 600 milhões apontado como ""novo Rodri"": ""Uma joia""",8,-0.1253872524421932,0.027891123042901724
"Capitão do Barcelona, Raphinha revela conexão especial com Lamine Yamal: ""Sei quando ele sai da partida""",3,-0.03634791818618034,-0.0719364474472425
Análise: Corinthians volta vivo com empate em jogo que pareceu mais difícil do que foi,2,0.4972734006486338,0.323158528890795
Operário-PR supera a Chapecoense nos pênaltis e avança na Copa do Brasil Sub-20,7,-0.042780668532219804,-0.16265054745427066
Raphinha tem início mais goleador no Barcelona em quase 70 anos,3,-0.07380233077051307,-0.0688831586128932
Escalação do Flamengo: Jardim avalia desgaste e prepara equipe para encarar o Del Valle na altitude,9,0.14787038644874248,0.023658299073972905
"Portuguesa acerta a contratação do atacante Romarinho, ex-Corinthians",2,0.03439088974956009,0.05116174972028602
Olho neles: Del Valle tem cinco remanescentes de time campeão contra o Flamengo; saiba quem são,9,0.16272836366208365,0.06297708135130325
Análise: Atlético-MG desmorona no 2º tempo e se complica por vaga na semi da Sul-Americana,2,0.14531468296825453,0.07122891405547042
Governo multa concessionária por gestão do Maracanã; Fla-Flu recorre,5,-0.046865068915520586,-0.03502730614257548
"Leila defende Paulinho e reforça apoio a Abel no Palmeiras: ""Incontestável""",4,0.009147416164532223,-0.13089271912139985
"Abel critica regra do limite de jogos para mudar de clube no Brasileirão: ""Vocês acham justo?""",4,-0.0094124118190684,-0.13467513807337148
"Pai de Jair Cunha se emociona com filho na seleção brasileira: ""Ficha não cai""",0,-0.07274503684357535,-0.1527573507251119
Estudiantes alega ato obsceno e pede suspensão de Memphis no jogo de volta contra o Corinthians,2,0.3530280361796721,0.2377723188960871
Nonato alcança estatística rara no Fluminense com gol na Libertadores,9,0.04374218559707215,0.00809904881624745
Medina de 10? Entenda como Botafogo pode usar o jogador como opção a Montoro,4,-0.05300337539320861,0.05727500137387668
"Imprensa internacional repercute ""revolução"" de Ancelotti na Seleção",0,-0.048161178462994184,-0.1820685043122642
"Abel diz ficar triste sem atletas do Palmeiras na Seleção, mas valoriza base e conversa com Ancelotti",4,-0.019436726297463344,-0.18584368362206002
"Giay exalta Abel por boa fase no Palmeiras e sonha com chance na Argentina: ""Todo jogador quer""",4,0.10117360449480065,-0.1299215053593009
"Rival do Flamengo na Libertadores é destaque em jornal espanhol: ""Revoluciona a América do Sul""",9,0.07763939985655481,-0.015985625705773915
Samuel Lino coroa auge pelo Flamengo com convocação e está a dois gols de ano mais artilheiro,9,0.033282277971131924,-0.07701633781520272
Millán cresce ao lado de Thiago Silva e acirra disputa por vaga na defesa do Fluminense,9,-0.003985448361389497,0.004810338280713037
Gabriel Jesus alcança Rivaldo em lista de brasileiros com mais gols na Champions League,3,-0.00990289446648695,-0.027742910518420427
"Avaí anuncia a contratação de Rildo, ex-Grêmio",5,-0.08788986817846274,-0.05217216634788342
Da falência na 4ª divisão da Itália ao luxo na Champions: entenda o projeto que transformou o Como,8,-0.08485135721861618,-0.04186325343867612
"Atuações do Corinthians: Garro dá assistência, e Kaio César decide na Libertadores; dê suas notas",2,0.39806234710118216,0.23253517277170002
"Investigado pela Polícia, Julio Casares é expulso do São Paulo",5,-0.0865195949221241,-0.11569564361757542
Palmeiras inicia preparação para clássico contra São Paulo com desfalques e um retorno,4,0.0733889941575558,-0.13901982778679345
"Versatilidade, bola parada e finalização: como Lescano pode ajudar Pedro Emanuel no Vasco",1,-0.17538819335054348,0.18848810769460053
"Raphinha diz que já esperava ausência na Bola de Ouro: ""Não me surpreendeu nem um pouco""",3,-0.048862123454141544,-0.05946226714941834
Gómez desfalca o Palmeiras contra a LDU no Equador pela Libertadores,4,0.13538680310237788,-0.06229416768908065
Estudiantes x Corinthians: cotovelada deixa Gabriel Paulista com galo na testa; veja o vídeo,2,0.44861575927079683,0.2868386062180148
Danilo volta a ser convocado para a Seleção em meio a críticas no Botafogo,6,-0.11108850133845499,-0.06890822546633689
Morre o jornalista Claudio Carsughi,0,-0.054998947492186055,-0.07613566369196849
"Pedro e Samuel Lino, do Flamengo, comemoram convocação para Seleção; veja",0,-0.01685417220139238,-0.2026631049272937
Cuiabá volta a vencer por três gols em competição nacional após dois anos,7,0.014005714879928766,-0.042290855516717664
"Ex-Grêmio, Kaick vive ascensão na MLS com dois gols seguidos e titularidade",9,-0.04515910287103646,-0.07644622324998795
"Deyverson agradece carinho e sonha com retorno ao Palmeiras: ""Terminar a carreira aqui""",4,0.07956029698042591,-0.12952073708710152
Presidente do Avaí fala sobre últimos dias do mercado aberto e explica trâmites da SAF,5,-0.04524328915660835,-0.02434888992243211
"Jornal: Vini Jr. recebeu aviso de que ganharia a Bola de Ouro de 2024, vencida por Rodri; entenda",6,-0.03326830081865011,-0.025725048754198548
"Kaio César admite incômodo com atrasos no Corinthians, mas diz: ""Não pode pensar em dinheiro""",2,0.42476182743920804,0.2755221029703622
"Lescano diz que já pode estrear pelo Vasco e se apresenta à torcida: ""Gosto de fazer gols""",1,-0.18667657932808412,0.21324969588895576
"Entenda o desgaste entre Tottenham e Richarlison, alvo do Vasco",1,-0.453190236129161,0.5294639024899322
"Pelo Cruzeiro, Matheus Pereira atinge temporada mais artilheira da carreira; veja números",6,-0.027188990826513628,-0.02751679477035147
"Zagueiro Jair Cunha celebra primeira convocação para a Seleção: ""Sonho de uma vida""",0,-0.11037313024064244,-0.1795341784424947
Atacante sul-africano do Fluminense é convocado para a seleção sub-20,6,-0.01893748944492491,-0.04421642868561702
"França retira apoio à reeleição de Infantino e cita ""confiança quebrada""",8,-0.07970750483142679,-0.0313885243082161
São Paulo atrasa também salários em carteira e não dá previsão de pagamento aos jogadores,5,-0.07408535215328957,-0.10633681411094849
Santos 2x0 Atlético-MG: assista aos melhores momentos,9,0.10069465719179435,-0.028913482744535292
Al-Ahli recusa investidas por Matheus Gonçalves e frustra Botafogo,1,-0.28484366747144113,0.17430210780429667
De Paul e Lewandowski batem boca e trocam empurrões na MLS; veja vídeo,3,0.0038874744373002677,-0.020499855809323533
"Diniz elogia mudança de postura do Corinthians na Libertadores: ""É o que a torcida merece""",2,0.44967252750625,0.280634294150044
Athletico e Coritiba voltam a ter jogadores convocados à Seleção juntos depois de 85 anos,6,-0.053508393677744404,-0.17186471969500036
Anderson Conceição ganha espaço no Figueirense e mira reação na Copa SC,7,-0.004344198380132666,-0.07237444522898613
Chuva atinge tribuna de imprensa do Camp Nou durante jogo do Barcelona na Champions; veja,3,-0.051489506150031505,-0.0544498442287446
Botafogo anuncia contratação de Ziyech,1,-0.1618032504656437,0.03854915375445597
Manchester United x Sabah na Champions League: onde assistir ao vivo e horário,3,-0.06105031498905684,-0.006617114540119282
Deco nega que Barcelona tenha pedido a Julián Álvarez para forçar saída do Atlético de Madrid,3,-0.08458535402610656,-0.0016826968264414884
"Análise: Palmeiras cria mais para vencer e melhora, mas vantagem mínima no placar ainda preocupa",4,0.16662742945881945,-0.09858496419050122
Bragantino goleia Cruzeiro por 8 a 1 pelo Brasileirão Sub-17,6,0.012639551884735388,-0.05979548099318335
Auxiliar do Fluminense viraliza com gesto para chamar jogadores no aquecimento; veja,2,0.013996501507585144,0.0288511719425754
"Zico opina sobre convocação e elogia Pedro, do Flamengo: ""Melhor centroavante do Brasil""",0,-0.011530864372843758,-0.18241615481427492
Volta Redonda chega a cinco jogadores emprestados a times da Série B,3,-0.01612265276509892,-0.02387381516379116
Flamengo busca contra o Independiente del Valle sequência inédita de vitórias na altitude,9,0.12026549296485965,-0.041728507773560686
Richarlison entrará com pedido de rescisão com Tottenham para assinar com o Vasco,1,-0.48084718428351375,0.574108293073804
"Com Estêvão de titular, Chelsea vence de virada e avança na Copa da Liga Inglesa",3,0.018053173277890966,-0.014967565640320611
Quem foram os destaques do São Paulo no Mundial Sub-17,5,-0.04391374460519178,-0.14996374861636746
Luciano tem edema na coxa e deve desfalcar o São Paulo no Choque-Rei,5,-0.01732944848270003,-0.12283778355912736
"Scarpa ativa modo sincero em derrota do Atlético-MG para o Santos: ""Ficou barato""",2,0.11406948540070738,0.03335132844959178
"Avaí parabeniza os 50 anos de Guga Kuerten, torcedor símbolo do clube",5,-0.05343102068955902,-0.03094585108418087
"Domínguez reconhece erros do Atlético-MG, mas vê vaga aberta na Sul-Americana: ""Com vida""",2,0.08328453005125498,0.03853964914435206
"Tottenham recusa proposta do Vasco, que insiste na contratação de Richarlison",1,-0.460235539255213,0.5178374341253059
"Independiente del Valle x Flamengo: onde assistir ao vivo, horário e escalações",9,0.16865702418656947,0.022281081257288664
Coritiba x Athletico: Athletiba já tem mais de 30 mil ingressos ocupados no Couto Pereira,8,-0.015932442809610266,-0.08258698865266284
Alan Lescano é regularizado no BID e pode estrear pelo Vasco contra o Grêmio,1,-0.30660864594746207,0.30012645205482896
"Ex-Atlético-MG, Alisson estreia na Champions pelo Shakhtar Donetsk",3,-0.0438167849047139,-0.034683178953647066
Cristiano Ronaldo marca em vitória do Al-Nassr e fica a 21 gols do milésimo,9,0.017044491650414693,-0.034719817645609066
Justiça condena Cruzeiro a indenizar jogadora após grave lesão; entenda o caso,6,-0.028389123736644414,-0.04523236956430973
Sorteio dos mandos da semifinal da Copa do Brasil 2026: veja onde assistir ao vivo,7,-0.1200339348449761,-0.17867116535445832
"Abel admite erro em entrevista e manda recado à torcida: ""Ninguém é maior do que o Palmeiras""",4,0.08065926821226099,-0.16773082495344904
Atlético-MG x Cruzeiro: Alexsander é suspenso por ofensas a Kaio Jorge em sala antidoping,6,0.021002124894293372,-0.009954464167102025
"Meia do Atlético-MG presenteia Neymar e manda recado: ""Tô bolado contigo""",2,0.06956224662097002,0.021769513532259723
Liverpool lidera ranking de elencos mais caros do mundo; veja lista,8,-0.148949296112461,0.03530798538057472
"Admar mantém esperança na contratação de Richarlison: ""Viria mudar o patamar do Vasco""",1,-0.447332609332041,0.4875717188355532
Final única da Copa do Brasil 2026 será em Brasília,7,-0.08107205427989586,-0.1755122345366231
"Matheuzinho, Hugo e Bidon festejam convocação para a Seleção: ""Nunca imaginei""",2,0.1439343609553724,-0.03215391981880862
Manchester City lança identidade visual exclusiva para o time feminino,8,-0.09641974533104722,0.004030800191272318
Final única da Copa do Brasil: veja data e local do jogo,7,-0.09304238872775157,-0.17399126193492953
Do impeachment à votação pela expulsão: a crise que levou Casares a novo julgamento no São Paulo,5,-0.09625373884258749,-0.09778550548325814
"Garro vira líder de assistências na Libertadores e ganha elogio de Diniz: ""Trabalho muito positivo""",2,0.4258458554381229,0.28855251944728033
"Ex-Holanda deixa o futebol por problemas de saúde: ""Não posso mais suportar esta vida""",6,-0.07676693245633359,-0.0612300230831118
